nome_popular,nome_cientifico,paises,tipos_uso,categoria,regiao,comunidade,observacoes,trecho_justificativo,fonte,confianca
Óleos da floresta,não especificado,Brasil,alimentar; cosmético; medicinal,óleo vegetal,,,"Óleos extraídos de recursos vegetais da floresta, utilizados em diversas aplicações",óleos da floresta,PNUD_Peri_Indicador_PPS-Informe semestral 2021-1,0.9
Resinas,não especificado,Brasil,artesanal; tintorial; medicinal,resina vegetal,,,"Resinas extraídas de árvores da floresta, com usos tradicionais e industriais",resinas,PNUD_Peri_Indicador_PPS-Informe semestral 2021-1,0.9
Fibras vegetais,não especificado,Brasil,artesanal; têxtil; construção,fibra vegetal,,,"Fibras utilizadas na confecção de artesanato, roupas e materiais de construção",fibras vegetais,PNUD_Peri_Indicador_PPS-Informe semestral 2021-1,0.9
Patauá,Oenocarpus bataua,Peru; Brasil,alimentar; medicinal; cosmético,"fruta, óleo",,,Fruta com óleo utilizado na alimentação e cosméticos,patauá,PNUD_Peri_Indicador_PPS-Informe semestral 2021-1,0.8
Ungurahui,Oenocarpus spp.,Peru; Brasil,alimentar; outro; medicinal,"fruta, óleo",,,Fruta com óleo utilizado na alimentação e medicina tradicional,ungurahui,PNUD_Peri_Indicador_PPS-Informe semestral 2021-1,0.8
Mel de abelha nativa,não especificado,Brasil,alimentar; medicinal,mel,,,"Mel produzido por abelhas nativas da floresta, com uso tradicional",mel,PNUD_Peri_Indicador_PPS-Informe semestral 2021-1,0.9
Fungos com uso produtivo,não especificado,Brasil,medicinal; alimentar,fungo,,,Fungos coletados na floresta utilizados na medicina tradicional e alimentação,fungos e microorganismos com uso produtivo,PNUD_Peri_Indicador_PPS-Informe semestral 2021-1,0.8
Resinas da floresta,não especificado,Brasil,artesanal; tintorial,resinas,,,"Categoria geral de produtos derivados de resinas vegetais, utilizados em artesanato e tinturaria",Categoria de produtos (resinas) da floresta,PPS-Informe semestral 2021-1,0.8
Óleos da floresta,não especificado,Brasil,cosmético; medicinal; alimentar,óleos vegetais,,,"Óleos extraídos de plantas da floresta com uso em cosméticos, medicamentos e alimentação",óleos da floresta,PPS-Informe semestral 2021-1,0.85
Fibras vegetais,não especificado,Brasil,artesanal; têxtil,fibras,,,Fibras vegetais utilizadas na confecção de artesanato e vestuário,fibras vegetais,PPS-Informe semestral 2021-1,0.8
Patauá,Oenocarpus bataua,Brasil; Peru,alimentar; cosmético; medicinal,"fruta, óleo",,,"Fruta com óleo extraído, utilizado na alimentação, cosméticos e medicina tradicional",patauá,PPS-Informe semestral 2021-1,0.9
Ungurahui,Oenocarpus spp.,Peru,alimentar; outro,"fruta, óleo",,,"Fruta com óleo extraído, usado na alimentação e na produção de óleos vegetais",ungurahui,PPS-Informe semestral 2021-1,0.85
Mel de abelha nativa,não especificado,Brasil,alimentar; medicinal,mel,,,"Mel produzido por abelhas nativas, utilizado na alimentação e medicina tradicional",mel,PPS-Informe semestral 2021-1,0.8
Fungos com uso produtivo,não especificado,Brasil,medicinal; alimentar,fungos,,,Fungos coletados na floresta utilizados na medicina tradicional e na alimentação,fungos e microorganismos com uso produtivo,PPS-Informe semestral 2021-1,0.75
Madeira nativa,não especificado,Brasil,construção; artesanal,madeira,,,Madeiras de árvores nativas utilizadas na construção e artesanato,madeiras,PPS-Informe semestral 2021-1,0.8
Resinas da floresta,não especificado,Peru,artesanal; tintorial,Resinas,,,"Mencionado como recursos utilizados na região, potencialmente para usos artesanais ou tintoria","óleos da floresta, resinas, fibras vegetais",UNDP_Peru_Paisajes_Productivos_Sostenibles_DT,0.8
Fibras vegetais,não especificado,Peru,artesanal; têxtil,Fibras,,,Categoria geral de recursos vegetais utilizados na região,"óleos da floresta, resinas, fibras vegetais",UNDP_Peru_Paisajes_Productivos_Sostenibles_DT,0.8
Óleos da floresta,não especificado,Peru,cosmético; medicinal; artesanal,Óleos,,,"Mencionado como recurso extraído na região, com usos diversos",óleos da floresta,UNDP_Peru_Paisajes_Productivos_Sostenibles_DT,0.9
não especificado,não especificado,Peru,alimentar; medicinal,Plantas e derivados,,,Descrição geral de recursos vegetais utilizados na região,"plantas e seus derivados (frutas, sementes, óleos, resinas, fibras, madeiras, etc.)",UNDP_Peru_Paisajes_Productivos_Sostenibles_DT,0.7
não especificado,não especificado,Peru,alimentar; medicinal,Frutas ou sementes,,,"Referência a recursos vegetais utilizados na região, potencialmente frutos ou sementes","plantas e seus derivados (frutas, sementes, óleos, resinas, fibras, madeiras, etc.)",UNDP_Peru_Paisajes_Productivos_Sostenibles_DT,0.7
não especificado,não especificado,Peru,artesanal; têxtil,Fibras,,,Categoria de recursos vegetais utilizados na região,"óleos da floresta, resinas, fibras vegetais",UNDP_Peru_Paisajes_Productivos_Sostenibles_DT,0.8
Óleos da floresta,não especificado,Brasil,alimentar; cosmético; medicinal,óleo vegetal,,,"Óleos extraídos de recursos vegetais da floresta, utilizados em diversas aplicações",óleos da floresta,CPI_AMAZON FOOD&FOREST_Financing Initiative,0.9
Resinas,não especificado,Brasil,artesanal; tintorial; medicinal,resina vegetal,,,Resinas coletadas para uso artesanal e medicinal,resinas,CPI_AMAZON FOOD&FOREST_Financing Initiative,0.8
Fibras vegetais,não especificado,Brasil,têxtil; artesanal,fibra vegetal,,,Fibras utilizadas na confecção de artesanatos e vestimentas tradicionais,fibras vegetais,CPI_AMAZON FOOD&FOREST_Financing Initiative,0.8
Mel de abelha,não especificado,Brasil,alimentar; medicinal,derivado de inseto,,,"Mel produzido por abelhas nativas, utilizado na alimentação e medicina tradicional",mel,CPI_AMAZON FOOD&FOREST_Financing Initiative,0.9
Frutas amazônicas,não especificado,Brasil,alimentar; medicinal,fruta,,,Frutas nativas consumidas na alimentação tradicional e uso medicinal,frutas,CPI_AMAZON FOOD&FOREST_Financing Initiative,0.8
Sementes de plantas nativas,não especificado,Brasil,outro; alimentar; medicinal,semente,,,Sementes de plantas utilizadas na alimentação e na medicina tradicional,sementes,CPI_AMAZON FOOD&FOREST_Financing Initiative,0.8
Resinas da floresta,não especificado,Peru,artesanal; tintorial,resinas,,,"Categoria geral de produtos derivados de recursos naturais da floresta, utilizados em artesanato e tinturaria","Categoria de produtos (óleos da floresta, resinas, fibras vegetais)",UNDP_Peru-PPMProject Implementation Report PIR 2023,0.8
Fibras vegetais,não especificado,Peru,artesanal; têxtil,fibras,,,Fibras vegetais utilizados na confecção de artesanato e têxteis tradicionais,"Categoria de produtos (óleos da floresta, resinas, fibras vegetais)",UNDP_Peru-PPMProject Implementation Report PIR 2023,0.8
Óleos da floresta,não especificado,Peru,cosmético; medicinal; alimentar,óleos,,,Óleos extraídos de plantas da floresta com usos diversos tradicionais e comerciais,"Categoria de produtos (óleos da floresta, resinas, fibras vegetais)",UNDP_Peru-PPMProject Implementation Report PIR 2023,0.8
Mel,não especificado,Peru,alimentar; medicinal,derivados de animais,,,"Mel produzido por abelhas nativas da região, com uso tradicional na alimentação e medicina","Animais e seus derivados (mel, carne, couro, etc.)",UNDP_Peru-PPMProject Implementation Report PIR 2023,0.9
não especificado,não especificado,Peru,alimentar,não especificado,,,"Descrição de uso tradicional de frutos ou sementes de plantas locais, inferido como potencial produto alimentício","Descrição de uso tradicional, habitat, parte da planta, aplicação típica",UNDP_Peru-PPMProject Implementation Report PIR 2023,0.6
Resinas da floresta,não especificado,Brasil,artesanal; tintorial; medicinal,Resinas,,,"Categoria geral de produtos derivados de resinas vegetais, utilizados em artesanato, tinturaria e medicina tradicional.","óleos da floresta, resinas, fibras vegetais",OTCA_Wakaya_Resumo-para-Tomadores-de-Decisao-Dezembro-2023-FINAL-CCC,0.9
Fibras vegetais,não especificado,Brasil,artesanal; têxtil,Fibra,,,Fibras vegetais utilizadas na confecção de artesanato e têxteis tradicionais.,"óleos da floresta, resinas, fibras vegetais",OTCA_Wakaya_Resumo-para-Tomadores-de-Decisao-Dezembro-2023-FINAL-CCC,0.9
Óleos da floresta,não especificado,Brasil,cosmético; medicinal; alimentar,Óleo,,,"Óleos extraídos de plantas da floresta com usos diversos, incluindo cosméticos, remédios tradicionais e alimentação.",óleos da floresta,OTCA_Wakaya_Resumo-para-Tomadores-de-Decisao-Dezembro-2023-FINAL-CCC,0.9
Patauá,Oenocarpus bataua,Brasil,alimentar; cosmético; medicinal,Fruta e óleo,,,Fruta oleaginosa utilizada na alimentação e na extração de óleo para cosméticos e uso medicinal.,óleos da floresta,OTCA_Wakaya_Resumo-para-Tomadores-de-Decisao-Dezembro-2023-FINAL-CCC,0.9
Ungurahui,Oenocarpus spp.,Peru,alimentar; medicinal; cosmético,Fruta e óleo,,,"Fruta consumida localmente, com óleo extraído utilizado em cosméticos e remédios tradicionais.","patauá, ungurahui",OTCA_Wakaya_Resumo-para-Tomadores-de-Decisao-Dezembro-2023-FINAL-CCC,0.8
Madeira nativa,não especificado,Brasil,construção; artesanal,Madeira,,,Madeira de espécies nativas utilizada na construção e artesanato tradicional.,madeiras,OTCA_Wakaya_Resumo-para-Tomadores-de-Decisao-Dezembro-2023-FINAL-CCC,0.8
Fungos com uso produtivo,não especificado,Brasil,medicinal; alimentar,Fungos,,,Fungos coletados na floresta utilizados na medicina tradicional e na alimentação.,fungos e microorganismos com uso produtivo,OTCA_Wakaya_Resumo-para-Tomadores-de-Decisao-Dezembro-2023-FINAL-CCC,0.8
Óleos da floresta,não especificado,Brasil,alimentar; cosmético; medicinal,óleo vegetal,,,"Óleos extraídos de recursos vegetais da floresta, utilizados em diversas aplicações",óleos da floresta,CEPAL_Towards a sustainable bioeconomy,0.8
Resinas,não especificado,Brasil,artesanal; tintorial; medicinal,resina vegetal,,,Resinas coletadas para uso artesanal e medicinal,resinas,CEPAL_Towards a sustainable bioeconomy,0.8
Fibras vegetais,não especificado,Brasil,têxtil; artesanal,fibra vegetal,,,Fibras utilizadas na confecção de artesanatos e vestimentas tradicionais,fibras vegetais,CEPAL_Towards a sustainable bioeconomy,0.8
Patauá,Oenocarpus bataua,Peru; Brasil,alimentar; medicinal; outro,fruta e óleo,,,Fruta que fornece óleo com uso alimentício e industrial,patauá,CEPAL_Towards a sustainable bioeconomy,0.9
Ungurahui,Oenocarpus spp.,Peru,alimentar; outro,fruta e óleo,,,Fruta que fornece óleo utilizado na alimentação e na indústria,ungurahui,CEPAL_Towards a sustainable bioeconomy,0.9
Mel de abelha nativa,não especificado,Brasil,alimentar; medicinal,mel,,,"Mel produzido por abelhas nativas da região, com uso tradicional",mel,CEPAL_Towards a sustainable bioeconomy,0.9
Fungos com uso produtivo,não especificado,Brasil,alimentar; medicinal; artesanal,fungo,,,"Fungos coletados para consumo, uso medicinal e artesanal",fungos e microorganismos com uso produtivo,CEPAL_Towards a sustainable bioeconomy,0.8
Madeira nativa,não especificado,Brasil,construção; artesanal,madeira,,,Madeiras de árvores nativas utilizadas na construção e artesanato,madeiras,CEPAL_Towards a sustainable bioeconomy,0.8
Resinas da floresta,não especificado,Brasil,artesanal; tintorial; medicinal,Resinas,,,Categoria de produtos que inclui resinas vegetais utilizadas em diversas aplicações tradicionais e artesanais.,"Categoria de produtos (óleos da floresta, resinas, fibras vegetais)...",CEPAL_Hacia una bioeconomía sostenible,0.8
Fibras vegetais,não especificado,Brasil,artesanal; têxtil; construção,Fibras,,,"Fibras vegetais utilizadas na confecção de artesanato, têxteis ou materiais de construção tradicionais.",fibras vegetais,CEPAL_Hacia una bioeconomía sostenible,0.85
Óleos da floresta,não especificado,Brasil,alimentar; cosmético; medicinal,Óleos,,,Óleos extraídos de plantas da floresta utilizados em diversas aplicações tradicionais e comerciais.,óleos da floresta,CEPAL_Hacia una bioeconomía sostenible,0.9
Patauá,Oenocarpus bataua,Peru; Brasil,alimentar; cosmético; medicinal,Fruta e óleo,,,Fruta que fornece óleo com uso alimentício e cosmético.,patauá,CEPAL_Hacia una bioeconomía sostenible,0.8
Ungurahui,Oenocarpus spp.,Peru; Colômbia,alimentar; medicinal; cosmético,Fruta e óleo,,,Fruta que fornece óleo utilizado em diversas aplicações tradicionais.,ungurahui,CEPAL_Hacia una bioeconomía sostenible,0.75
Mel de abelha amazônica,não especificado,Brasil,alimentar; medicinal,Mel,,,"Mel produzido por abelhas nativas da região amazônica, com valor cultural e econômico.",mel,CEPAL_Hacia una bioeconomía sustentável,0.9
Fungos com uso produtivo,não especificado,Brasil,alimentar; medicinal,Fungos,,,Fungos coletados na floresta utilizados na alimentação e medicina tradicional.,fungos e microorganismos com uso produtivo,CEPAL_Hacia una bioeconomía sostenible,0.7
Madeira de espécies nativas,não especificado,Brasil,construção; artesanal,Madeira,,,Madeiras de espécies nativas utilizadas na construção e artesanato tradicional.,madeiras,CEPAL_Hacia una bioeconomía sostenible,0.8
Óleos da floresta,não especificado,Brasil,alimentar; cosmético; medicinal,óleo vegetal,,,"Óleos extraídos de recursos vegetais da floresta, utilizados em diversas aplicações",óleos da floresta,CEPAL_El financiamiento da bioeconomia,0.9
Resinas,não especificado,Brasil,artesanal; tintorial; medicinal,resina vegetal,,,Resinas coletadas de árvores para uso artesanal e medicinal,resinas,CEPAL_El financiamiento da bioeconomia,0.8
Fibras vegetais,não especificado,Brasil,têxtil; artesanal,fibra vegetal,,,Fibras utilizadas na confecção de artesanato e vestuário,fibras vegetais,CEPAL_El financiamiento da bioeconomia,0.8
Frutas amazônicas,não especificado,Brasil,alimentar; medicinal,fruta,,,Frutas consumidas localmente e com potencial de valor econômico,frutas,CEPAL_El financiamiento da bioeconomia,0.9
Mel de abelha nativa,não especificado,Brasil,alimentar; medicinal,mel,,,"Mel produzido por abelhas nativas, com valor cultural e econômico",mel,CEPAL_El financiamiento da bioeconomia,0.9
Madeira nativa,não especificado,Brasil,construção; artesanal,madeira,,,Madeiras de árvores nativas utilizadas na construção e artesanato,madeira,CEPAL_El financiamiento da bioeconomia,0.8
Fungos com uso produtivo,não especificado,Brasil,alimentar; medicinal,fungo,,,Fungos coletados para consumo e uso medicinal tradicional,fungos,CEPAL_El financiamiento da bioeconomia,0.7
Resinas da floresta,não especificado,Brasil,artesanal; tintorial,resinas,,,Categoria de produtos que inclui resinas vegetais utilizadas em artesanato e tinturaria,"Categoria de produtos (óleos da floresta, resinas, fibras vegetais)",CEPAL_Cuentas satelite de bioeconomia,0.8
Óleos da floresta,não especificado,Brasil,alimentar; cosmético; medicinal,óleos vegetais,,,"Óleos extraídos de plantas da floresta com uso em cosméticos, alimentação e medicina tradicional",óleos da floresta,CEPAL_Cuentas satelite de bioeconomia,0.9
Fibras vegetais,não especificado,Brasil,artesanal; têxtil,fibras,,,Fibras vegetais utilizadas na confecção de artesanato e vestuário tradicional,fibras vegetais,CEPAL_Cuentas satelite de bioeconomia,0.8
Patauá,Oenocarpus bataua,Peru; Brasil,alimentar; medicinal; outro,"fruta, óleo",,,"Fruta com óleo extraído, utilizado na alimentação e na produção de óleos industriais",patauá,CEPAL_Cuentas satelite de bioeconomia,0.9
Ungurahui,Oenocarpus spp.,Peru,alimentar; outro,"fruta, óleo",,,Fruta com óleo utilizado na alimentação e na indústria de cosméticos,ungurahui,CEPAL_Cuentas satelite de bioeconomia,0.8
Mel de abelha amazônica,não especificado,Brasil,alimentar; medicinal,mel,,,"Mel produzido por abelhas nativas, utilizado na alimentação e medicina tradicional",mel,CEPAL_Cuentas satelite de bioeconomia,0.9
Fungos com uso produtivo,não especificado,Brasil,alimentar; medicinal,fungos,,,Fungos coletados na floresta utilizados na alimentação e medicina tradicional,fungos e microorganismos com uso produtivo,CEPAL_Cuentas satelite de bioeconomia,0.7
Óleos da floresta,não especificado,Brasil; Peru,alimentar; cosmético; medicinal,óleo,,,"Óleos extraídos de recursos vegetais da floresta, utilizados em diversas aplicações",óleos da floresta,CEPAL_La bioeconomía_oportunidades y desafíos,0.9
Resinas,não especificado,Brasil; Peru,artesanal; tintorial; medicinal,resina,,,Resinas vegetais utilizadas em diferentes usos tradicionais e artesanais,resinas,CEPAL_La bioeconomía_oportunidades y desafíos,0.9
Fibras vegetais,não especificado,Brasil; Peru,têxtil; artesanal,fibra,,,Fibras de plantas utilizadas na confecção de tecidos e artesanato,fibras vegetais,CEPAL_La bioeconomía_oportunidades y desafíos,0.9
Patauá,Oenocarpus bataua,Peru; Equador,alimentar; outro,fruta/óleo,,,Fruta que fornece óleo com uso alimentício e cosmético,patauá,CEPAL_La bioeconomía_oportunidades y desafíos,0.8
Ungurahui,Oenocarpus spp.,Peru; Colômbia,alimentar; outro,fruta/óleo,,,Fruta que fornece óleo utilizado na alimentação e cosméticos,ungurahui,CEPAL_La bioeconomía_oportunidades y desafíos,0.8
Mel de abelha nativa,não especificado,Brasil; Peru,alimentar; medicinal,mel,,,Mel produzido por abelhas nativas com valor cultural e medicinal,mel,CEPAL_La bioeconomía_oportunidades y desafíos,0.9
Fungos com uso produtivo,não especificado,Brasil; Peru,alimentar; medicinal,fungo,,,Fungos coletados na floresta utilizados na alimentação e medicina tradicional,fungos e microorganismos com uso produtivo,CEPAL_La bioeconomía_oportunidades y desafíos,0.8
Madeira de espécies nativas,não especificado,Brasil; Peru,construção; artesanal,madeira,,,Madeiras de árvores nativas utilizadas na construção e artesanato,madeiras,CEPAL_La bioeconomía_oportunidades y desafíos,0.9
Óleos da floresta,não especificado,Equador,alimentar; cosmético; medicinal,óleo vegetal,,,"Óleos extraídos de recursos vegetais da floresta, utilizados em diversas aplicações tradicionais e comerciais.",Óleos da floresta,BIOFIN Ecuador ENG 2024_0,0.9
Resinas,não especificado,Equador,artesanal; tintorial; medicinal,resina vegetal,,,"Resinas coletadas de árvores da floresta, com usos tradicionais e artesanais.",resinas,BIOFIN Ecuador ENG 2024_0,0.8
Fibras vegetais,não especificado,Equador,artesanal; têxtil,fibra vegetal,,,Fibras extraídas de plantas da floresta utilizadas na confecção de artesanato e vestuário.,fibras vegetais,BIOFIN Ecuador ENG 2024_0,0.8
Frutas da floresta,não especificado,Equador,alimentar; medicinal,fruta,,,"Frutas coletadas na floresta, consumidas localmente e com potencial de valor econômico.",frutas da floresta,BIOFIN Ecuador ENG 2024_0,0.8
Mel de abelha nativa,não especificado,Equador,alimentar; medicinal,mel,,,"Mel produzido por abelhas nativas da floresta, com valor cultural e potencial econômico.",mel,BIOFIN Ecuador ENG 2024_0,0.8
Madeira de espécies nativas,não especificado,Equador,construção; artesanal,madeira,,,Madeiras de árvores nativas utilizadas na construção e artesanato local.,madeira,BIOFIN Ecuador ENG 2024_0,0.8
Fungos com uso produtivo,não especificado,Equador,alimentar; medicinal,fungo,,,Fungos coletados na floresta utilizados na alimentação e medicina tradicional.,fungos,BIOFIN Ecuador ENG 2024_0,0.7
Óleos da floresta,não especificado,Brasil,alimentar; cosmético; medicinal,óleo vegetal,,,"Óleos extraídos de recursos vegetais da floresta, utilizados em diversas aplicações",óleos da floresta,CEPAL_Nature-based Solution,0.9
Resinas,não especificado,Brasil,artesanal; tintorial; medicinal,resina vegetal,,,Resinas coletadas para uso artesanal e medicinal,resinas,CEPAL_Nature-based Solution,0.8
Fibras vegetais,não especificado,Brasil,têxtil; artesanal,fibra vegetal,,,Fibras utilizadas na confecção de artesanato e vestuário,fibras vegetais,CEPAL_Nature-based Solution,0.8
Mel,não especificado,Brasil,alimentar; medicinal,derivado de inseto,,,Mel produzido por abelhas nativas da região,mel,CEPAL_Nature-based Solution,0.9
Frutas nativas,não especificado,Brasil,alimentar; medicinal,fruta,,,Frutas de espécies nativas utilizadas na alimentação e medicina tradicional,frutas,CEPAL_Nature-based Solution,0.8
Madeira nativa,não especificado,Brasil,construção; artesanal,madeira,,,Madeiras de árvores nativas utilizadas na construção e artesanato,madeiras,CEPAL_Nature-based Solution,0.9
Óleos da floresta,não especificado,Brasil,cosmético; medicinal; artesanal,óleo,,,"Óleos extraídos de recursos vegetais da floresta, utilizados em cosméticos, medicamentos tradicionais e artesanato.",óleos da floresta,Rainforest Alliance_Bioeconomy-Marketplace-Initiative,0.9
Resinas,não especificado,Brasil,tintorial; artesanal; medicinal,resina,,,"Resinas vegetais utilizadas para tinturas, artesanato e usos medicinais tradicionais.",resinas,Rainforest Alliance_Bioeconomy-Marketplace-Initiative,0.85
Fibras vegetais,não especificado,Brasil,têxtil; artesanal,fibra,,,"Fibras utilizadas na confecção de tecidos, cestos e outros artesanatos tradicionais.",fibras vegetais,Rainforest Alliance_Bioeconomy-Marketplace-Initiative,0.8
Mel de abelha nativa,não especificado,Brasil,alimentar; medicinal,derivado de inseto,,,"Mel produzido por abelhas nativas, utilizado na alimentação e na medicina tradicional.",mel,Rainforest Alliance_Bioeconomy-Marketplace-Initiative,0.9
Frutas amazônicas,não especificado,Brasil,alimentar; medicinal; artesanal,fruta,,,"Frutas nativas utilizadas na alimentação, na preparação de remédios tradicionais e na confecção de produtos artesanais.",frutas,Rainforest Alliance_Bioeconomy-Marketplace-Initiative,0.85
Sementes de espécies nativas,não especificado,Brasil,outro; alimentar; medicinal,semente,,,"Sementes de espécies nativas utilizadas para reflorestamento, consumo e uso medicinal tradicional.",sementes,Rainforest Alliance_Bioeconomy-Marketplace-Initiative,0.8
Óleos da floresta,não especificado,Brasil,alimentar; cosmético; medicinal,óleo vegetal,,,"Óleos extraídos de recursos vegetais da floresta, utilizados em diversas aplicações",óleos da floresta,CEPAL_Bioeconomía en América Latina y el Caribe,0.9
Resinas,não especificado,Brasil,artesanal; tintorial; medicinal,resina vegetal,,,"Resinas extraídas de árvores da floresta, com usos tradicionais e industriais",resinas,CEPAL_Bioeconomía en América Latina y el Caribe,0.9
Fibras vegetais,não especificado,Brasil,artesanal; têxtil; construção,fibra vegetal,,,"Fibras utilizadas na confecção de artesanato, roupas e materiais de construção",fibras vegetais,CEPAL_Bioeconomía en América Latina y el Caribe,0.9
Patauá,Oenocarpus bataua,Peru; Brasil,alimentar; medicinal; cosmético,"fruta, óleo",,,"Fruta com óleo extraído, usado na alimentação e cosméticos",patauá,CEPAL_Bioeconomía en América Latina y el Caribe,0.8
Ungurahui,Oenocarpus spp.,Peru; Brasil,alimentar; medicinal,"fruta, óleo",,,"Fruta com óleo, utilizada na alimentação tradicional e na medicina popular",ungurahui,CEPAL_Bioeconomía en América Latina y el Caribe,0.8
Mel de abelha nativa,não especificado,Brasil,alimentar; medicinal,mel,,,"Mel produzido por abelhas nativas, com valor cultural e medicinal",mel,CEPAL_Bioeconomía en América Latina y el Caribe,0.9
Fungos com uso produtivo,não especificado,Brasil,alimentar; medicinal,fungo,,,Fungos coletados na floresta utilizados na alimentação e medicina tradicional,fungos com uso produtivo,CEPAL_Bioeconomía en América Latina y el Caribe,0.7
Madeira de espécies nativas,não especificado,Brasil,construção; artesanal,madeira,,,Madeiras de árvores nativas utilizadas na construção e artesanato,madeira de espécies nativas,CEPAL_Bioeconomía en América Latina y el Caribe,0.8
Óleos da floresta,não especificado,Brasil,cosmético; medicinal; artesanal,óleo vegetal,,,"Óleos extraídos de recursos vegetais da floresta com uso em cosméticos, medicamentos e artesanato.",extração de óleos da floresta,IICA_Panorama del bioemprendimiento,0.9
Resinas,não especificado,Brasil,tintorial; artesanal; medicinal,resina vegetal,,,"Resinas utilizadas para tinturas, artesanato e usos medicinais tradicionais.",resinas,IICA_Panorama del bioemprendimiento,0.8
Fibras vegetais,não especificado,Brasil,têxtil; artesanal,fibra vegetal,,,"Fibras utilizadas na confecção de artesanato, roupas e objetos tradicionais.",fibras vegetais,IICA_Panorama del bioemprendimiento,0.8
Mel de abelha,não especificado,Brasil,alimentar; medicinal,derivado de inseto,,,"Mel produzido por abelhas nativas, utilizado na alimentação e medicina tradicional.",mel,IICA_Panorama del bioemprendimiento,0.9
Frutas amazônicas,não especificado,Brasil,alimentar; medicinal; artesanal,fruta,,,"Frutas nativas utilizadas na alimentação, na preparação de remédios tradicionais e na produção de doces e sucos.",frutas,IICA_Panorama del bioemprendimiento,0.85
Sementes de patauá,não especificado,Brasil,alimentar; outro,semente/óleo,,,Sementes de patauá utilizadas na extração de óleo com valor alimentício e cosmético.,sementes de patauá,IICA_Panorama del bioemprendimiento,0.8
Óleos da floresta,não especificado,Brasil,alimentar; cosmético; medicinal,óleo vegetal,,,"Óleos extraídos de recursos vegetais da floresta, utilizados em diversas aplicações",óleos da floresta,CPI_The-Amazon-FoodForest-Bioeconomy-INSTRUMENT ANALYSIS,0.9
Resinas,não especificado,Brasil,artesanal; tintorial; medicinal,resina vegetal,,,Resinas coletadas para uso artesanal e medicinal,resinas,CPI_The-Amazon-FoodForest-Bioeconomy-INSTRUMENT ANALYSIS,0.8
Fibras vegetais,não especificado,Brasil,têxtil; artesanal,fibra vegetal,,,Fibras utilizadas na confecção de artesanato e vestuário,fibras vegetais,CPI_The-Amazon-FoodForest-Bioeconomy-INSTRUMENT ANALYSIS,0.85
Patauá,Oenocarpus bataua,Brasil,alimentar; outro,fruta e óleo vegetal,,,Fruta consumida e óleo extraído para uso alimentício e cosmético,patauá,CPI_The-Amazon-FoodForest-Bioeconomy-INSTRUMENT ANALYSIS,0.9
Ungurahui,Oenocarpus spp.,Peru; Brasil,alimentar; outro,fruta e óleo vegetal,,,Fruta consumida e óleo extraído para uso alimentício e cosmético,ungurahui,CPI_The-Amazon-FoodForest-Bioeconomy-INSTRUMENT ANALYSIS,0.85
Mel de abelha nativa,não especificado,Brasil,alimentar; medicinal,mel,,,"Mel produzido por abelhas nativas, utilizado na alimentação e medicina tradicional",mel,CPI_The-Amazon-FoodForest-Bioeconomy-INSTRUMENT ANALYSIS,0.9
Fungos com uso produtivo,não especificado,Brasil,alimentar; medicinal,fungo,,,Fungos coletados para consumo e uso medicinal tradicional,fungos e microorganismos com uso produtivo,CPI_The-Amazon-FoodForest-Bioeconomy-INSTRUMENT ANALYSIS,0.8
Resinas da floresta,não especificado,Peru,artesanal; tintorial,Resinas,,,"Categoria geral de produtos derivados de recursos naturais da floresta, utilizados em artesanato e tinturaria","óleos da floresta, resinas, fibras vegetais",UNDP_Peru_Paisajes_Productivos_Sostenibles,0.8
Fibras vegetais,não especificado,Peru,artesanal; têxtil,Fibras,,,Fibras vegetais utilizadas na confecção de artesanato e têxteis tradicionais,"óleos da floresta, resinas, fibras vegetais",UNDP_Peru_Paisajes_Productivos_Sostenibles,0.8
Óleos da floresta,não especificado,Peru,cosmético; medicinal; alimentar,Óleos,,,"Óleos extraídos de plantas da floresta com usos diversos, incluindo cosméticos e medicina tradicional",óleos da floresta,UNDP_Peru_Paisajes_Productivos_Sostenibles,0.9
Mel,não especificado,Peru,alimentar; medicinal,Derivados de animais,,,"Mel produzido por abelhas nativas da região, com uso tradicional na alimentação e medicina","Animais e seus derivados (mel, carne, couro, etc.)",UNDP_Peru_Paisajes_Productivos_Sostenibles,0.9
Carne,não especificado,Peru,alimentar,Derivados de animais,,,Carne de espécies nativas consumida localmente,"Animais e seus derivados (mel, carne, couro, etc.)",UNDP_Peru_Paisajes_Productivos_Sostenibles,0.8
Fungos com uso produtivo,não especificado,Peru,medicinal; artesanal,Fungos,,,Fungos coletados na floresta utilizados na medicina tradicional e na confecção de produtos artesanais,Fungos e microorganismos com uso produtivo,UNDP_Peru_Paisajes_Productivos_Sostenibles,0.7
Óleos da floresta,não especificado,Brasil,alimentar; cosmético; medicinal,óleo,,,"Óleos extraídos de recursos vegetais da floresta, utilizados em diversas aplicações tradicionais e comerciais.",óleos da floresta,OTCA_Wakaya_Capitulo6_v3-1,0.9
Resinas,não especificado,Brasil,artesanal; tintorial; medicinal,resina,,,"Resinas vegetais utilizadas em atividades artesanais, tinturaria e medicina tradicional.",resinas,OTCA_Wakaya_Capitulo6_v3-1,0.9
Fibras vegetais,não especificado,Brasil,têxtil; artesanal,fibra,,,"Fibras extraídas de plantas para confecção de tecidos, cestos e outros objetos artesanais.",fibras vegetais,OTCA_Wakaya_Capitulo6_v3-1,0.9
Patauá,Oenocarpus bataua,Peru; Brasil,alimentar; outro,fruta/óleo,,,Fruta que fornece óleo com uso alimentício e cosmético.,patauá,OTCA_Wakaya_Capitulo6_v3-1,0.8
Ungurahui,Oenocarpus spp.,Peru; Brasil,alimentar; outro,fruta/óleo,,,Fruta que fornece óleo utilizado na alimentação e cosméticos tradicionais.,ungurahui,OTCA_Wakaya_Capitulo6_v3-1,0.8
Mel de abelha nativa,não especificado,Brasil,alimentar; medicinal,mel,,,"Mel produzido por abelhas nativas, utilizado na alimentação e medicina tradicional.",mel,OTCA_Wakaya_Capitulo6_v3-1,0.9
Fungos com uso produtivo,não especificado,Brasil,medicinal; alimentar,fungo,,,Fungos coletados na floresta utilizados na medicina tradicional e na alimentação.,fungos e microorganismos com uso produtivo,OTCA_Wakaya_Capitulo6_v3-1,0.7
Madeira nativa,não especificado,Brasil,construção; artesanal,madeira,,,Madeiras de árvores nativas utilizadas na construção e artesanato tradicional.,madeiras,OTCA_Wakaya_Capitulo6_v3-1,0.8
Óleos da floresta,não especificado,Brasil,cosmético; medicinal; artesanal,óleo vegetal,,,"Óleos extraídos de recursos vegetais da floresta com uso em cosméticos, medicamentos e artesanato.",óleos da floresta,Paper_CCE 2450008 Corrected (1),0.9
Resinas,não especificado,Brasil,tintorial; artesanal,resina vegetal,,,Resinas vegetais utilizadas para tinturas e artesanato.,resinas,Paper_CCE 2450008 Corrected (1),0.9
Fibras vegetais,não especificado,Brasil,artesanal; têxtil,fibra vegetal,,,Fibras utilizadas na confecção de artesanato e têxteis tradicionais.,fibras vegetais,Paper_CCE 2450008 Corrected (1),0.9
Patauá,Oenocarpus bataua,Brasil,alimentar; outro,fruta e óleo,,,Fruta que fornece óleo com uso alimentício e cosmético.,patauá,Paper_CCE 2450008 Corrected (1),0.8
Ungurahui,Oenocarpus spp.,Peru; Brasil,alimentar; outro,fruta e óleo,,,Fruta que fornece óleo utilizado na alimentação e cosméticos.,ungurahui,Paper_CCE 2450008 Corrected (1),0.8
Mel de abelha nativa,não especificado,Brasil,alimentar; medicinal,mel,,,"Mel produzido por abelhas nativas da região, com uso tradicional na alimentação e medicina.",mel,Paper_CCE 2450008 Corrected (1),0.9
Fungos com uso produtivo,não especificado,Brasil,medicinal; artesanal,fungo,,,Fungos coletados na floresta utilizados na medicina tradicional e na produção artesanal.,fungos e microorganismos com uso produtivo,Paper_CCE 2450008 Corrected (1),0.7
Óleos da floresta,não especificado,Brasil,alimentar; cosmético; medicinal,óleo,,,"Óleos extraídos de recursos vegetais da floresta, utilizados em diversas aplicações",óleos da floresta,LIRA_BioForestALC_Ingles,0.8
Resinas,não especificado,Brasil,artesanal; tintorial; medicinal,resina,,,Resinas vegetais utilizadas em diversas atividades tradicionais e industriais,resinas,LIRA_BioForestALC_Ingles,0.8
Fibras vegetais,não especificado,Brasil,têxtil; artesanal,fibra,,,Fibras de plantas utilizadas na confecção de artesanato e vestuário,fibras vegetais,LIRA_BioForestALC_Ingles,0.8
Patauá,Oenocarpus bataua,Brasil,alimentar; cosmético; medicinal,"fruta, óleo",,,Fruta que fornece óleo utilizado na alimentação e cosméticos,patauá,LIRA_BioForestALC_Ingles,0.9
Ungurahui,Oenocarpus spp.,Peru,alimentar; outro,"fruta, óleo",,,Fruta que fornece óleo com uso alimentício e medicinal,ungurahui,LIRA_BioForestALC_Ingles,0.9
Mel de abelha amazônica,não especificado,Brasil,alimentar; medicinal,mel,,,"Mel produzido por abelhas nativas da região, com valor cultural e econômico",mel,LIRA_BioForestALC_Ingles,0.8
Fungos com uso produtivo,não especificado,Brasil,alimentar; medicinal,fungo,,,Fungos coletados na floresta utilizados na alimentação e medicina tradicional,fungos e microorganismos com uso produtivo,LIRA_BioForestALC_Ingles,0.7
Óleos da floresta,não especificado,Brasil,alimentar; cosmético; medicinal,óleo vegetal,,,"Óleos extraídos de recursos vegetais da floresta, utilizados em diversas aplicações tradicionais e comerciais.",extração de óleos da floresta,OTCA_Wakaya_Capitulo4_v3-1,0.9
Resinas,não especificado,Brasil,artesanal; tintorial; medicinal,resina vegetal,,,"Resinas coletadas de árvores para uso em artesanato, tintas e remédios tradicionais.",resinas da floresta,OTCA_Wakaya_Capitulo4_v3-1,0.9
Fibras vegetais,não especificado,Brasil,artesanal; têxtil; construção,fibra vegetal,,,"Fibras utilizadas na confecção de artesanatos, redes, e materiais de construção tradicionais.",fibras vegetais da floresta,OTCA_Wakaya_Capitulo4_v3-1,0.9
Mel de abelha nativa,não especificado,Brasil,alimentar; medicinal,derivado de inseto,,,"Mel produzido por abelhas nativas, utilizado na alimentação e na medicina tradicional.",mel de abelha nativa,OTCA_Wakaya_Capitulo4_v3-1,0.9
Frutas amazônicas,não especificado,Brasil,alimentar; medicinal,fruta,,,"Frutas coletadas na floresta, consumidas localmente e com potencial de valor econômico.",frutas amazônicas,OTCA_Wakaya_Capitulo4_v3-1,0.8
Sementes de plantas nativas,não especificado,Brasil,outro; artesanal,semente,,,Sementes coletadas para propagação de espécies nativas e uso artesanal.,sementes de plantas da floresta,OTCA_Wakaya_Capitulo4_v3-1,0.8
Resinas da floresta,não especificado,Brasil,artesanal; tintorial; medicinal,Resinas,,,"Categoria geral de produtos derivados de resinas vegetais, utilizados em diversas aplicações tradicionais.","óleos da floresta, resinas, fibras vegetais",CEPAL_Natural Resources in Latin America,0.8
Fibras vegetais,não especificado,Brasil,artesanal; têxtil; construção,Fibras,,,"Fibras vegetais utilizadas na confecção de artesanato, roupas e materiais de construção tradicionais.",fibras vegetais,CEPAL_Natural Resources in Latin America,0.85
Óleos da floresta,não especificado,Brasil,alimentar; cosmético; medicinal,Óleos,,,"Óleos extraídos de sementes ou frutos utilizados na alimentação, cosmética e medicina tradicional.",óleos da floresta,CEPAL_Natural Resources in Latin America,0.9
Frutas amazônicas,não especificado,Brasil,alimentar; medicinal,Frutas,,,Frutas consumidas na alimentação tradicional e com potencial de valor econômico regional.,não especificado,CEPAL_Natural Resources in Latin America,0.7
Mel de abelha nativa,não especificado,Brasil,alimentar; medicinal,Derivados de insetos,,,"Mel produzido por abelhas nativas, com valor cultural e potencial econômico local.",mel,CEPAL_Natural Resources in Latin America,0.8
Madeira nativa,não especificado,Brasil,construção; artesanal,Madeira,,,Madeiras de árvores nativas utilizadas na construção e artesanato tradicional.,madeiras,CEPAL_Natural Resources in Latin America,0.75
Óleos da floresta,não especificado,Brasil,alimentar; cosmético; medicinal,óleo vegetal,,,"Óleos extraídos de recursos vegetais da floresta, utilizados em diversas aplicações tradicionais e comerciais.",óleos da floresta,OTCA_Wakaya_Capitulo5_v3-1,0.9
Resinas,não especificado,Brasil,artesanal; tintorial; medicinal,resina vegetal,,,"Resinas coletadas de árvores para uso em artesanato, tintas e remédios tradicionais.",resinas,OTCA_Wakaya_Capitulo5_v3-1,0.9
Fibras vegetais,não especificado,Brasil,artesanal; têxtil,fibra vegetal,,,"Fibras utilizadas na confecção de artesanatos, redes, cestos e roupas tradicionais.",fibras vegetais,OTCA_Wakaya_Capitulo5_v3-1,0.9
Patauá,Oenocarpus bataua,Brasil,alimentar; cosmético; medicinal,fruta e óleo,,,"Fruta que fornece óleo utilizado na alimentação, cosméticos e remédios tradicionais.",patauá,OTCA_Wakaya_Capitulo5_v3-1,0.8
Ungurahui,Oenocarpus spp.,Peru,alimentar; medicinal; cosmético,fruta e óleo,,,"Fruta que fornece óleo utilizado na alimentação, cosméticos e remédios tradicionais.",ungurahui,OTCA_Wakaya_Capitulo5_v3-1,0.8
Mel de abelha nativa,não especificado,Brasil,alimentar; medicinal,mel,,,"Mel produzido por abelhas nativas, utilizado na alimentação e na medicina tradicional.",mel,OTCA_Wakaya_Capitulo5_v3-1,0.9
Madeira nativa,não especificado,Brasil,construção; artesanal,madeira,,,"Madeira de árvores nativas utilizada na construção de habitações, utensílios e artesanatos tradicionais.",madeira,OTCA_Wakaya_Capitulo5_v3-1,0.9
Resinas da floresta,não especificado,Colômbia,artesanal; tintorial,resinas,,,"Categoria geral de produtos derivados de recursos naturais da floresta, utilizados em artesanato e tinturaria","óleos da floresta, resinas, fibras vegetais",UNDP_Colombia_Col_MED_Usos_Biodiversidad,0.8
Fibras vegetais,não especificado,Colômbia,artesanal; têxtil,fibras,,,Fibras vegetais utilizadas na confecção de artesanato e têxteis tradicionais,"óleos da floresta, resinas, fibras vegetais",UNDP_Colombia_Col_MED_Usos_Biodiversidad,0.8
Óleos da floresta,não especificado,Colômbia,cosmético; medicinal; alimentar,óleos,,,"Óleos extraídos de plantas da floresta com usos diversos, incluindo cosméticos e medicina tradicional",óleos da floresta,UNDP_Colombia_Col_MED_Usos_Biodiversidad,0.9
Resinas,não especificado,Colômbia,artesanal; tintorial,resinas,,,Utilizadas em artesanato e processos de tinturaria tradicional,resinas,UNDP_Colombia_Col_MED_Usos_Biodiversidad,0.8
Fibras vegetais,não especificado,Colômbia,artesanal; têxtil,fibras,,,Fibras utilizadas na confecção de artesanato e têxteis tradicionais,"óleos da floresta, resinas, fibras vegetais",UNDP_Colombia_Col_MED_Usos_Biodiversidad,0.8
Óleos da floresta,não especificado,Colômbia,alimentar; cosmético; medicinal,óleo vegetal,,,Óleos extraídos de recursos vegetais da floresta com uso múltiplo,óleos da floresta,BIOFIN_Colombia__PATRIMONIO_NATURAL_Y_DESARROLLO_VF (2),0.9
Resinas,não especificado,Colômbia,artesanal; tintorial; medicinal,resina vegetal,,,Resinas de plantas da floresta com uso tradicional e artesanal,resinas,BIOFIN_Colombia__PATRIMONIO_NATURAL_Y_DESARROLLO_VF (2),0.9
Fibras vegetais,não especificado,Colômbia,artesanal; têxtil; construção,fibra vegetal,,,Fibras utilizadas na confecção de artesanato e materiais de construção,fibras vegetais,BIOFIN_Colombia__PATRIMONIO_NATURAL_Y_DESARROLLO_VF (2),0.9
Patauá,Oenocarpus bataua,Peru; Colômbia,alimentar; outro; medicinal,fruta oleaginosa,,,"Fruta com óleo extraído, uso tradicional na alimentação e medicina",patauá,BIOFIN_Colombia__PATRIMONIO_NATURAL_Y_DESARROLLO_VF (2),0.8
Ungurahui,Oenocarpus spp.,Peru,alimentar; outro,fruta oleaginosa,,,"Fruta com óleo, uso na alimentação tradicional",ungurahui,BIOFIN_Colombia__PATRIMONIO_NATURAL_Y_DESARROLLO_VF (2),0.8
Mel de abelha nativa,não especificado,Colômbia,alimentar; medicinal,mel,,,"Mel produzido por abelhas nativas da floresta, uso tradicional na alimentação e medicina",mel,BIOFIN_Colombia__PATRIMONIO_NATURAL_Y_DESARROLLO_VF (2),0.9
Resinas da floresta,não especificado,Brasil,artesanal; tintorial; medicinal,Resinas,,,Categoria de produtos que inclui resinas vegetais utilizadas em diversas aplicações tradicionais,"categorias de produtos (ex: 'óleos da floresta', 'resinas', 'fibras vegetais')",Corazon_Amazonia_Caquetá 08_05_2020,0.8
Óleos da floresta,não especificado,Brasil,cosmético; medicinal; artesanal,Óleos vegetais,,,Óleos extraídos de plantas da floresta com uso tradicional e potencial econômico,categorias de produtos (ex: 'óleos da floresta'),Corazon_Amazonia_Caquetá 08_05_2020,0.8
Fibras vegetais,não especificado,Brasil,artesanal; têxtil,Fibras,,,Fibras vegetais utilizadas na confecção de artesanato e vestuário tradicional,categorias de produtos (ex: 'fibras vegetais'),Corazon_Amazonia_Caquetá 08_05_2020,0.8
Patauá,Oenocarpus bataua,Brasil; Peru,alimentar; outro,Fruta e óleo,,,"Fruta com óleo extraído, utilizado na alimentação e na produção de óleos vegetais","não especificado, inferido do contexto de produtos da sociobiodiversidade",Corazon_Amazonia_Caquetá 08_05_2020,0.7
Ungurahui,Oenocarpus spp.,Peru,alimentar; outro,Fruta e óleo,,,"Fruta com óleo, usado na alimentação tradicional e na extração de óleos","não especificado, inferido do contexto de produtos da sociobiodiversidade",Corazon_Amazonia_Caquetá 08_05_2020,0.7
Mel de abelha nativa,não especificado,Brasil,alimentar; medicinal,Mel,,,"Mel produzido por abelhas nativas, com uso tradicional na alimentação e medicina popular","não especificado, inferido do contexto de uso de recursos naturais da região",Corazon_Amazonia_Caquetá 08_05_2020,0.7
Fungos com uso produtivo,não especificado,Brasil,alimentar; medicinal,Fungos,,,Fungos coletados na floresta utilizados na alimentação e medicina tradicional,"não especificado, inferido do contexto de recursos da sociobiodiversidade",Corazon_Amazonia_Caquetá 08_05_2020,0.6
Óleos da floresta,não especificado,Brasil,alimentar; cosmético; medicinal,óleo vegetal,,,"Óleos extraídos de recursos vegetais da floresta, utilizados em diversas aplicações",óleos da floresta,BIOFIN_Colombia_EMPRESA_Y_BIODIVERSIDAD_VF (1),0.8
Resinas,não especificado,Brasil,artesanal; tintorial; medicinal,resina vegetal,,,Resinas coletadas para uso artesanal e medicinal,resinas,BIOFIN_Colombia_EMPRESA_Y_BIODIVERSIDAD_VF (1),0.75
Fibras vegetais,não especificado,Brasil,têxtil; artesanal,fibra vegetal,,,Fibras utilizadas na confecção de artesanatos e vestimentas tradicionais,fibras vegetais,BIOFIN_Colombia_EMPRESA_Y_BIODIVERSIDAD_VF (1),0.8
Mel de abelha nativa,não especificado,Brasil,alimentar; medicinal,derivado de inseto,,,"Mel produzido por abelhas nativas da região, utilizado na alimentação e medicina tradicional",mel,BIOFIN_Colombia_EMPRESA_Y_BIODIVERSIDAD_VF (1),0.85
Frutas amazônicas,não especificado,Brasil,alimentar; medicinal,fruta,,,"Frutas nativas consumidas localmente, com potencial de uso alimentício e medicinal",frutas,BIOFIN_Colombia_EMPRESA_Y_BIODIVERSIDAD_VF (1),0.7
Madeira nativa,não especificado,Brasil,construção; artesanal,madeira,,,Madeiras de árvores nativas utilizadas na construção e artesanato tradicional,madeiras,BIOFIN_Colombia_EMPRESA_Y_BIODIVERSIDAD_VF (1),0.8
Resinas da floresta,não especificado,Brasil,artesanal; tintorial,resinas,,,Categoria de produtos que inclui resinas vegetais utilizadas em artesanato e tinturaria,"Categoria de produtos (óleos da floresta, resinas, fibras vegetais) que podem ser utilizados em diferentes aplicações produtivas",OTCA_Wakaya_Capitulo2_v3-1,0.8
Óleos da floresta,não especificado,Brasil,alimentar; cosmético; medicinal,óleos vegetais,,,"Óleos extraídos de plantas da floresta com uso em alimentação, cosméticos e medicina tradicional",óleos da floresta,OTCA_Wakaya_Capitulo2_v3-1,0.9
Fibras vegetais,não especificado,Brasil,artesanal; têxtil,fibras,,,"Fibras vegetais utilizadas na confecção de artesanato, roupas e objetos tradicionais",fibras vegetais,OTCA_Wakaya_Capitulo2_v3-1,0.8
Mel de abelha nativa,não especificado,Brasil,alimentar; medicinal,mel,,,"Mel produzido por abelhas nativas da região amazônica, utilizado na alimentação e medicina tradicional",mel,OTCA_Wakaya_Capitulo2_v3-1,0.9
Frutas amazônicas,não especificado,Brasil,alimentar; medicinal; artesanal,frutas,,,"Diversas frutas nativas utilizadas na alimentação, na medicina tradicional e na confecção de produtos artesanais",frutas,OTCA_Wakaya_Capitulo2_v3-1,0.9
Madeira nativa,não especificado,Brasil,construção; artesanal,madeira,,,Madeiras de árvores nativas utilizadas na construção e na confecção de objetos tradicionais,madeiras,OTCA_Wakaya_Capitulo2_v3-1,0.8
Óleos da floresta,não especificado,Brasil; Peru,cosmético; medicinal; artesanal,óleo,,,"Óleos extraídos de recursos vegetais da floresta, utilizados em cosméticos, remédios tradicionais e produtos artesanais.",óleos da floresta,Corazon_Amazonia_Cadena Forestal,0.9
Resinas,não especificado,Brasil; Peru,artesanal; tintorial; medicinal,resina,,,"Resinas vegetais utilizadas na fabricação de tintas, remédios tradicionais e artesanato.",resinas,Corazon_Amazonia_Cadena Forestal,0.9
Fibras vegetais,não especificado,Brasil; Peru,têxtil; artesanal; construção,fibra,,,"Fibras extraídas de plantas amazônicas utilizadas na confecção de tecidos, cestos, e materiais de construção.",fibras vegetais,Corazon_Amazonia_Cadena Forestal,0.9
Patauá,Oenocarpus bataua,Brasil; Peru,alimentar; outro,fruta/óleo,,,"Fruta que fornece óleo com uso alimentício e cosmético, tradicionalmente extraído na região amazônica.",patauá,Corazon_Amazonia_Cadena Forestal,0.8
Ungurahui,Oenocarpus spp.,Peru,alimentar; outro,fruta/óleo,,,Fruta que fornece óleo utilizado na alimentação e cosméticos tradicionais.,ungurahui,Corazon_Amazonia_Cadena Forestal,0.8
Mel de abelha nativa,não especificado,Brasil; Peru,alimentar; medicinal,mel,,,"Mel produzido por abelhas nativas, utilizado na alimentação e na medicina tradicional local.",mel,Corazon_Amazonia_Cadena Forestal,0.9
Fungos com uso produtivo,não especificado,Brasil; Peru,alimentar; medicinal,fungo,,,Fungos coletados na floresta utilizados na alimentação tradicional e na medicina popular.,fungos e microorganismos com uso produtivo,Corazon_Amazonia_Cadena Forestal,0.8
Madeira nativa,não especificado,Brasil; Peru,construção; artesanal,madeira,,,"Madeiras de árvores nativas utilizadas na construção, artesanato e mobiliário tradicional.",madeiras,Corazon_Amazonia_Cadena Forestal,0.9
Óleos da floresta,não especificado,Brasil,alimentar; cosmético; medicinal,óleo vegetal,,,"Óleos extraídos de recursos vegetais da floresta, utilizados em diversas aplicações tradicionais e comerciais.",óleos da floresta,OTCA_Wakaya_Capitulo3_v3-1,0.9
Resinas,não especificado,Brasil,artesanal; tintorial; medicinal,resina vegetal,,,"Resinas coletadas para uso artesanal, tintorial e medicinal.",resinas,OTCA_Wakaya_Capitulo3_v3-1,0.9
Fibras vegetais,não especificado,Brasil,têxtil; artesanal,fibra vegetal,,,Fibras utilizadas na confecção de artesanatos e vestimentas tradicionais.,fibras vegetais,OTCA_Wakaya_Capitulo3_v3-1,0.9
Mel de abelha nativa,não especificado,Brasil,alimentar; medicinal,derivado de inseto,,,"Mel produzido por abelhas nativas, utilizado na alimentação e na medicina tradicional.",mel,OTCA_Wakaya_Capitulo3_v3-1,0.9
Sementes de açaí,Euterpe oleracea,Brasil,alimentar; outro,semente,,,Sementes do açaí utilizadas na alimentação e na produção de óleos e polpas.,sementes,OTCA_Wakaya_Capitulo3_v3-1,0.8
Madeira de lei,não especificado,Brasil,construção; artesanal,madeira,,,Madeiras de espécies nativas utilizadas na construção civil e artesanal.,madeiras,OTCA_Wakaya_Capitulo3_v3-1,0.9
Fungos com uso produtivo,não especificado,Brasil,medicinal; alimentar,fungo,,,Fungos coletados para uso medicinal e alimentar na medicina tradicional.,fungos e microorganismos com uso produtivo,OTCA_Wakaya_Capitulo3_v3-1,0.8
Óleos da floresta,não especificado,Brasil; Peru,alimentar; cosmético; medicinal,óleo,,,"Óleos extraídos de recursos vegetais da floresta, utilizados em diversas aplicações tradicionais e comerciais.",óleos da floresta,Corazon_Amazonia_Emprendimientos Amazónicos_2020,0.9
Resinas,não especificado,Brasil; Peru,artesanal; tintorial; medicinal,resina,,,"Resinas vegetais utilizadas em processos artesanais, tinturaria e medicina tradicional.",resinas,Corazon_Amazonia_Emprendimientos Amazónicos_2020,0.9
Fibras vegetais,não especificado,Brasil; Peru,artesanal; têxtil; construção,fibra,,,"Fibras extraídas de plantas amazônicas utilizadas na confecção de artesanatos, roupas e materiais de construção.",fibras vegetais,Corazon_Amazonia_Emprendimientos Amazónicos_2020,0.9
Mel de abelha nativa,não especificado,Brasil; Peru,alimentar; medicinal,derivado de inseto,,,"Mel produzido por abelhas nativas da região, utilizado na alimentação e na medicina tradicional.",mel,Corazon_Amazonia_Emprendimientos Amazónicos_2020,0.9
Frutas amazônicas,não especificado,Brasil; Peru,alimentar; medicinal; artesanal,fruta,,,"Diversas frutas nativas utilizadas na alimentação, na medicina tradicional e na confecção de produtos artesanais.",frutas,Corazon_Amazonia_Emprendimientos Amazónicos_2020,0.9
Madeira nativa,não especificado,Brasil; Peru,construção; artesanal,madeira,,,Madeiras de árvores nativas utilizadas na construção e na confecção de artesanatos tradicionais.,madeiras,Corazon_Amazonia_Emprendimientos Amazónicos_2020,0.9
Resinas da floresta,não especificado,Peru,artesanal; tintorial,Resinas,,,"Categoria geral de produtos derivados de recursos naturais da floresta, utilizados em artesanato e tinturaria","óleos da floresta, resinas, fibras vegetais",UNDP_Peru_ValoracionEconomicaBiodiversidadInforme,0.8
Fibras vegetais,não especificado,Peru,artesanal; têxtil,Fibras,,,Fibras vegetais utilizadas na confecção de artesanato e têxtil,"óleos da floresta, resinas, fibras vegetais",UNDP_Peru_ValoracionEconomicaBiodiversidadInforme,0.8
Óleos da floresta,não especificado,Peru,cosmético; medicinal; alimentar,Óleos,,,Óleos extraídos de plantas da floresta com usos diversos,óleos da floresta,UNDP_Peru_ValoracionEconomicaBiodiversidadInforme,0.9
não especificado,não especificado,Peru,alimentar,Fruta,,,"Descrição de uso tradicional, habitat ou parte da planta sugere produto alimentício",não especificado,UNDP_Peru_ValoracionEconomicaBiodiversidadInforme,0.5
não especificado,não especificado,Peru,medicinal,não especificado,,,Descrição de uso tradicional ou habitat sugere potencial medicinal,não especificado,UNDP_Peru_ValoracionEconomicaBiodiversidadInforme,0.4
não especificado,não especificado,Peru,artesanal,não especificado,,,Categoria geral de recursos utilizados em artesanato,"óleos da floresta, resinas, fibras vegetais",UNDP_Peru_ValoracionEconomicaBiodiversidadInforme,0.7
Resinas da floresta,não especificado,Brasil,artesanal; tintorial; medicinal,Resinas,,,"Categoria geral de produtos derivados de resinas vegetais, utilizados em artesanato, tinturaria e medicina tradicional","óleos da floresta, resinas, fibras vegetais",IICA_Informe_Situacion_Perspectivas,0.8
Fibras vegetais,não especificado,Brasil,artesanal; têxtil,Fibras,,,Fibras vegetais utilizadas na confecção de artesanato e têxteis tradicionais,"óleos da floresta, resinas, fibras vegetais",IICA_Informe_Situacion_Perspectivas,0.8
Óleos da floresta,não especificado,Brasil,alimentar; cosmético; medicinal,Óleos,,,"Óleos extraídos de plantas da floresta com usos diversos, incluindo alimentício e cosmético",óleos da floresta,IICA_Informe_Situacion_Perspectivas,0.9
Mel,não especificado,Brasil,alimentar; medicinal,Derivados de insetos,,,"Mel produzido por abelhas nativas da região amazônica, utilizado na alimentação e medicina tradicional",mel,IICA_Informe_Situacion_Perspectivas,0.9
Frutas amazônicas,não especificado,Brasil,alimentar; medicinal; artesanal,Frutas,,,"Diversas frutas nativas utilizadas na alimentação, medicina tradicional e na confecção de produtos artesanais","frutas, óleos da floresta, resinas, fibras vegetais",IICA_Informe_Situacion_Perspectivas,0.8
Madeira nativa,não especificado,Brasil,construção; artesanal,Madeira,,,Madeiras de espécies nativas utilizadas na construção e artesanato tradicional,madeiras,IICA_Informe_Situacion_Perspectivas,0.8
Óleos da floresta,não especificado,Brasil,alimentar; cosmético; medicinal; artesanal,óleo vegetal,,,"Óleos extraídos de recursos vegetais da floresta, utilizados em diversas aplicações tradicionais e comerciais.",não especificado,CATIE_Bioeconomía de los productos,0.8
Resinas,não especificado,Brasil,artesanal; tintorial; medicinal,resina vegetal,,,"Resinas coletadas de árvores da floresta, com usos tradicionais e potencial comercial.",não especificado,CATIE_Bioeconomía de los productos,0.8
Fibras vegetais,não especificado,Brasil,têxtil; artesanal; construção,fibra vegetal,,,"Fibras extraídas de plantas amazônicas utilizadas na confecção de artesanato, roupas e materiais de construção.",não especificado,CATIE_Bioeconomía de los productos,0.85
Patauá,Oenocarpus bataua,Peru; Brasil,alimentar; outro,fruta e óleo vegetal,,,"Fruta que fornece óleo com uso alimentício e cosmético, tradicionalmente coletada na região amazônica.",não especificado,CATIE_Bioeconomía de los productos,0.9
Ungurahui,Oenocarpus spp.,Peru,alimentar; outro,fruta e óleo,,,Fruta que produz óleo utilizado na alimentação e cosméticos tradicionais.,não especificado,CATIE_Bioeconomía de los productos,0.85
Mel de abelha nativa,não especificado,Brasil,alimentar; medicinal,mel,,,"Mel produzido por abelhas nativas da floresta, com valor cultural e potencial comercial.",não especificado,CATIE_Bioeconomía de los productos,0.9
Fungos com uso produtivo,não especificado,Brasil,alimentar; medicinal; artesanal,fungo,,,"Fungos coletados na floresta utilizados na alimentação, medicina tradicional e artesanato.",não especificado,CATIE_Bioeconomía de los productos,0.75
Resinas da floresta,não especificado,Brasil; Peru,artesanal; tintorial; medicinal,Resinas,,,"Categoria geral de produtos derivados de resinas vegetais, utilizados em artesanato, tinturaria e medicina tradicional.","óleos da floresta, resinas, fibras vegetais",Corazon_Amazonia_PPMProject Implementation Report PIR 2023,0.8
Fibras vegetais,não especificado,Brasil; Peru,artesanal; têxtil; construção,Fibras,,,"Fibras vegetais utilizadas na confecção de artesanato, roupas e materiais de construção tradicionais.","óleos da floresta, resinas, fibras vegetais",Corazon_Amazonia_PPMProject Implementation Report PIR 2023,0.85
Óleos da floresta,não especificado,Brasil; Peru,cosmético; medicinal; alimentar,Óleos,,,"Óleos extraídos de sementes ou frutos utilizados em cosméticos, remédios tradicionais e alimentação.",óleos da floresta,Corazon_Amazonia_PPMProject Implementation Report PIR 2023,0.9
Resinas,não especificado,Brasil; Peru,artesanal; tintorial,Resinas,,,Utilizadas na confecção de artesanato e tinturaria tradicional.,resinas,Corazon_Amazonia_PPMProject Implementation Report PIR 2023,0.8
Fibras vegetais,não especificado,Brasil; Peru,artesanal; têxtil,Fibras,,,Usadas na confecção de artesanato e roupas tradicionais.,fibras vegetais,Corazon_Amazonia_PPMProject Implementation Report PIR 2023,0.85
não especificado,não especificado,Brasil; Peru,alimentar; medicinal,não especificado,,,Categoria geral de recursos naturais utilizados na alimentação e medicina tradicional.,recursos naturais,Corazon_Amazonia_PPMProject Implementation Report PIR 2023,0.5
Resinas da floresta,não especificado,Peru,artesanal; tintorial,resinas,,,"Categoria geral de produtos derivados de resinas vegetais, utilizados em artesanato e tinturaria","óleos da floresta, resinas, fibras vegetais",BIOFIN Peru - Sintesis Fase I,0.8
Fibras vegetais,não especificado,Peru,artesanal; têxtil,fibras,,,Fibras vegetais utilizadas na confecção de artesanato e tecidos tradicionais,"óleos da floresta, resinas, fibras vegetais",BIOFIN Peru - Sintesis Fase I,0.8
Óleos da floresta,não especificado,Peru,cosmético; medicinal; alimentar,óleos,,,"Óleos extraídos de plantas da floresta com usos diversos, incluindo cosméticos e medicina tradicional",óleos da floresta,BIOFIN Peru - Sintesis Fase I,0.9
Resinas,não especificado,Peru,artesanal; tintorial,resinas,,,Usadas em artesanato e processos de tintura tradicional,resinas,BIOFIN Peru - Sintesis Fase I,0.8
Fibras vegetais,não especificado,Peru,artesanal; têxtil,fibras,,,Utilizadas na confecção de artesanato e tecidos tradicionais,"óleos da floresta, resinas, fibras vegetais",BIOFIN Peru - Sintesis Fase I,0.8
Mel,não especificado,Peru,alimentar; medicinal,derivados de animais,,,"Produzido por abelhas nativas, utilizado na alimentação e medicina tradicional",mel,BIOFIN Peru - Sintesis Fase I,0.9
não especificado,não especificado,Peru,alimentar,não especificado,,,Descrição geral de recursos naturais utilizados na alimentação tradicional,recursos naturais da região,BIOFIN Peru - Sintesis Fase I,0.5
Óleos da floresta,não especificado,Brasil,alimentar; cosmético; medicinal,óleo vegetal,,,"Óleos extraídos de recursos vegetais da floresta, utilizados em diversas aplicações",óleos da floresta,IICA_IPAM-Bioeconomia-Amazonia,0.8
Resinas,não especificado,Brasil,artesanal; tintorial; medicinal,resina vegetal,,,"Resinas extraídas de árvores da floresta, com uso em tintas, colas e remédios tradicionais",resinas,IICA_IPAM-Bioeconomia-Amazonia,0.8
Fibras vegetais,não especificado,Brasil,artesanal; têxtil,fibra vegetal,,,Fibras utilizadas na confecção de artesanato e vestuário tradicional,fibras vegetais,IICA_IPAM-Bioeconomia-Amazonia,0.75
Patauá,Oenocarpus bataua,Brasil,alimentar; cosmético; medicinal,fruta e óleo,,,Fruta que fornece óleo utilizado na alimentação e cosméticos,patauá,IICA_IPAM-Bioeconomia-Amazonia,0.9
Ungurahui,Oenocarpus spp.,Peru; Brasil,alimentar; medicinal,fruta e óleo,,,Fruta que fornece óleo com uso tradicional na alimentação e medicina,ungurahui,IICA_IPAM-Bioeconomia-Amazonia,0.85
Mel de abelha nativa,não especificado,Brasil,alimentar; medicinal,mel,,,"Mel produzido por abelhas nativas, com valor cultural e medicinal",mel,IICA_IPAM-Bioeconomia-Amazonia,0.8
Fungos com uso produtivo,não especificado,Brasil,alimentar; medicinal,fungo,,,Fungos coletados na floresta utilizados na alimentação e medicina tradicional,fungos e microorganismos com uso produtivo,IICA_IPAM-Bioeconomia-Amazonia,0.7
